BLQ-st,Project Name,Address,BLQ - Ward,Legistar File ID,Agenda Number
1882-23,370 Orange St. LLC,141 1ST ST,Central,15-2143,6S&Fa(as) 110515
2688-48,,686-688 BERGEN ST,South,20-0619,7R2 -c (s) 101420
436-13,281 Passaic Street Urban Renewal,281-289 PASSAIC ST,CENTRAL,17-1666,7R2-A (as amended)
266-22,"Stone West Development, LLC",412 S 11TH ST,West,19-1671,7R2-a (as) 012220
2631-55,Spikenard Foundation A NJ Nonprofit Corporation,747 S 11TH ST,South,21-0551,7R2-a (s) 011122
4120-21,"Lilac Development Group, LLC",545 SANDFORD AVE,West,21-1589,7R2-a (s) 012522
3091-13,Excelsior Property Group,101 FABYAN PL,South,19-0751,7R2-a (s) 021120
2711-58,"Wiosna, LLC",274 CHADWICK AVE,South,19-1706,7R2-A (S) 031020
357-41,"JD Restoration, LLC",678 S 18TH ST,South,21-0778,7R2-a (s) 041222
307.01-97,"BABS Engineeringing, P.C.",548 S 10TH ST,CENTRAL,20-0591,7R2-a (s) 051121
3586-20,"Sting 1, LLC",904 BERGEN ST,SOUTH,22-1190,7R2-a (s) 062723
1798-6,Cesar M. Angel and Crisostomo,200 12TH AVE,West,17-1386,7R2-a (s) 070219
2660-42,,592 BERGEN ST,South,20-0269,7R2-a (s) 072021
2639-22,"Xclusive Investments 1, LLC",493- AVON AVE,South,20-0063,7R2-a (s) 081120
2694-30,,163 W BIGELOW ST,SOUTH,20-0560,7R2-a (s) 081921
3715-9,"Tactical Development Group, LLC",256-262 LYONS AVE,South,20-0289,7R2-a (s) 09222
4131.01-30,,275 ELLERY AVE,West,20-0039,7R2-a (s) 101420
1861-5,,104- 9TH AVE,WEST,21-1576,7R2-a (s) 112222
2801-5,Southward Properties LLC,36 ELIZABETH AVE,South,20-1140,7R2-a (s) 122121
2482-13,Omega Living LLC,26 CORTLAND ST,East,19-0854,7R2-a (s) 122319
2693-37,Beacher Development LLC,140 RIDGEWOOD AVE,South,16-1299,7R2-a 010517
2828-1,"Mission Realestate Projects, LLC",110 JAMES ST,CENTRAL,19-1812,7R2-a 010621
4137-15,Devramalena LLC,20-28 MARSAC PL REAR,WEST,17-1447,7R2A 011018
3079-61,"Level 6ix, LLC and Tritop Realty, LLC ",51-55 CYPRESS ST,SOUTH,22-0898,7R2-a 011823
282-44,"204-210 Properties, LLC",208 14TH AVE,CENTRAL,21-1007,7R2-a 012022
282-5,"New Age Investment Properties, LLC",377 S 9TH ST,Central,17-1605,7R2A 012418
1180-37,"240 Wright Street, Newark, LLC",240 WRIGHT ST,East,20-0590,7R2-a 020321
1169-59,"6-10 Avenue B Newark, LLC",6-10 AVENUE B,East,20-0589,7R2-a 021821
255-10,"271 Hunterdon Street, LLC",273 HUNTERDON ST,CENTRAL,19-1686,7R2-A 030420
2811-9,All Renovation Construction,35 MURRAY ST,EAST,16-1985,7R2-a 031517
625-91,"Arlington Real Estate Partnership, LLC",55 ARLINGTON AVE,NORTH,22-0918,7R2-a 031523
1794-27,"Valley Carpentry and Painting, LLC",543 13TH AVE,West,21-0592,7R2-a 031622
3590-33,"MA Legacy Group, LLC",827-829 BERGEN ST,SOUTH,20-1094,7R2-a 031721
827-1,"Sherman Avenue Development, LLC",2104-2118 MCCARTER HWY,North,19-0980,7R2-a 032420
115-15,ATS Development Group,449 WASHINGTON ST,Central,16-1986,7R2-a 040517
316-32,Option One,646 S 13TH ST,South,16-1914,7R2-a 041917
3053.02-19,"Square, LLC",146 DEWEY ST,SOUTH,22-1505,7R2-a 041923
1867-63,Stonerock Builders,31- S 12TH ST,West,17-1743,7R2-a 042418
2801-45,Leyo Alava,185- BRUNSWICK ST,South,19-1214,7R2-a 050620
884-24,AC & J Restoration,23 SCOTT ST,Central,17-1634,7R2-a 052318
1928-47,"Ray's Construction, LLC",81-83 N 9TH ST,CENTRAL,21-1056,7R2-a 060222
4003-27,Gateway Property Development LLC,85 WHITNEY STREET,West,19-1298,7R2-a 061020
4177-15,,71-75 DOVER ST,West,20-0058,7R2-a 062420
4070-8,"J&A Real Estate Development, LLC",160-162 BROOKDALE AVE,West,20-0563,7R2-a 070821
3717-51,"A Brick At A Time, LLC ",421-423 CLINTON PL,South,20-0060,7R2-a 072220
2858-45,"NY Construction Services, LLC",72-76 BOYDEN ST,Central,20-1131,7R2-a 080421
4065-73,Montes Property Group,41 BROOKDALE AVE,West,18-0218,7R2-a 080818
330-50,BVW Holdings LLC,548 15TH AVE,WEST,20-0048,7R2-a 081920
1901-7,Millennium Newark Development Corp.,9 HEDDEN PL,WEST,19-0545,7R2-a 082019
2611-29,"Shine Development NJ, LLC",497-499 BERGEN ST,CENTRAL,21-0604,7R2-a 090121
2707-50,"Creative Development Real Estate, LLC",732 BERGEN ST,South,20-0180,7R2-a 090220
5088-1,"Madison Investors, LLC",343-351 SOUTH ST,EAST,23-0446,7R2-a 090723
2624-24,"Uplift Newark, LLC ",49 ROSE TERR,SOUTH,21-1368,7R2-a 090822
285-46,,457-459 S 12TH ST,Central,20-0104,7R2-a 091620
3629-16,,6 MAPES TER,SOUTH,23-0483,7R2-a 092023
2848-23,"Top Rated Buyer, LLP",39 HECKER ST,CENTRAL,21-1213,7R2-a 092122
279-45,"Adda NJ Properties, LLC",160 14TH AVE,Central,20-1130,7R2-a 100621
1857-63,,111 S 10TH ST,West,20-0019,7R2-a 100720
2625-12,Newark Developers LLC,245-247 AVON AVE,South,17-1115,7R2A 101817
2785-32,Andre Frye,19 EARL ST,South,17-1626,7R2-A 120518
29-5,"394 and 396-400 Broad Street, LLC",394 BROAD ST,Central,20-1409,7R2-a 121521
3035-65,"IWS Development, Inc",70 MILLINGTON AVE,SOUTH,22-0041,7R2-a 122122
2652-14,"AC and J Restoration Group, Corporation",37 SHANLEY AVE,SOUTH,17-0183,7R2-a(s) 030717
570-65,Roman Asphalt Corp.,28-34 OGDEN ST,North,16-1772,7R2-a(s) 121316
1828-28,Urban Day Development Corp.,103 S 8TH ST,WEST,19-1683,7R2-b (as) 012220
2617-85,"Southside View, LLC",668 S 11TH ST,SOUTH,22-0727,7R2-b (as) 060222
2616-31,"ConleyMoor, LLC",10 BRENNER ST,SOUTH,21-0518,7R2-b (s) 05/24/2022
3612-4,Rubix International Limited Limited Liability Company,320-322 HAWTHORNE AVE,South,20-0779,7R2-b (s) 05/25/2021
2678-31,"AllStar Development Enterprises, LLC",78 RIDGEWOOD AVE,South,20-1176,7R2-b (s) 051121
1825-9,"Giving It a Womans Touch Painting, LLC",157 S 11TH ST,West,21-1521,7R2-b (s) 06/21/2022
902-9,Ferreira Properties LLC,28 AUSTIN ST,East,17-1997,7R2-b (s) 070219
4199-29,Olamide Talabi,71-73 SMITH ST,West,20-0182,7R2-b (s) 081120
4213-1,"Mingo Investments, LLC",87-89 N MUNN AVE,West,20-1239,7R2-b (s) 081921
292-8,New Community Corporation ,427 15TH AVE,Central,20-0594,7R2-b (s) 092220
607-51,"385-391 Parker Street Development, LLC",389-391 PARKER ST,NORTH,22-0892,7R2-B (s) 092722
3054-34,Kings Urban Renewal Corporation,315-321 LYONS AVE,South,20-0318,7R2-b (s) 101420
4172-18,"Dahill Construction, LLC",28-30 OAKLAND TERR,WEST,21-0775,7R2-b (s) 122121
2800-29,"The Bronze Shields of Newark, New Jersey",184 BRUNSWICK ST,South,19-1409,7R2-b (s/as) 121019
2812-24,Ascension Capital Partners I LLC,41 ASTOR ST,East,17-1533,7R2B 011018
3719.04-18,,272 GOLDSMITH AVE,SOUTH,19-1839,7R2-b 030420
2712-29,"Lilac Development Group, LLC",800 BERGEN ST,South,20-1691,7R2-b 031721
2617-33,DTG Newark LLC,643 S 10TH ST,South,17-1684,7R2-b 032718
2622-10,White Consulting Group LLC,705 S 15TH ST,South,17-0182,7R2-b 040517
3666-49,"Renner Redevelopment, LLC",238-240 RENNER AVE,SOUTH,22-1498,7R2-b 040523
832-8,"21st Associates, LLC",63 VERONA AVE,North,210552,7R2-b 040622
2616-2,"ASG and Son Development, LLC",21 KENT ST,SOUTH,22-1484,7R2-b 041923
1781-60,LOGA Home Builders,292- S 9TH ST,WEST,17-1630,7R2-b 042418
3066-26,Ibrahima Coulibaly,118-120 LESLIE ST,South,19-0021,7R2-B 050119
1848-11,"Newark Science and Sustainability, Inc",8-12 3RD ST,West,19-1236,7R2-b 050620
881-28,317 Mulberry ,317-323 MULBERRY ST,Central,21-0653,7R2-b 060221
3735-1,"Headway, LLC",398-406 CHANCELLOR AVE,SOUTH,19-1300,7R2-b 061020
1817-56,"Open Eye Innovators, LLC",246 S 20TH ST,West,17-0174,7R2-b 062117
1858-24,"MV Design Group, LLC ",129-131 S 11TH ST,West,20-0593,7R2-b 070821
529-15,Anthony Dellisanti,66 KEARNEY ST,NORTH,19-0572,7R2-b 071019
322-25,New Age Investment Properties,441 S 18TH ST,West,17-1706,7R2-B 071118
567-62,Ali Abdollahi,10- ORIENTAL ST,NORTH,20-0105,7R2-b 072220
3666-9,"Brick One, LLC",158 RENNER AVE,SOUTH,23-0344,7R2-b 080223
2637-1,Newark Knights Foundation A NJ NON-PROFIT CORPORATION,679 SPRINGFIELD AVE,SOUTH,21-1584,7R2-b 080322
1847-28,"Thelog, LLC",25 3RD ST,Central,20-0263,7R2-b 080421
3668-7,,177 RENNER AVE,South,20-0062,7R2-b 081920
2612-45,"Rose Capital, LLP",291 ROSE ST,Central,19-0554,7R2-b 082019
2618-39,,703 S 11TH ST,South,20-0288,7R2-b 090220
2822-34,"Lincoln Park/Coast Cultural District, Inc",1109- BROAD ST,EAST,22-0079,7R2-b 090822
279-17,"SVM Properties, LLC",307 S 6TH ST,Central,20-0596,7R2-b 091521
3724.02-82,Newark Empowerment Group,392-394 LESLIE ST,South,18-0089,7R2-b 091618
2634-14,"NKEM Properties, LLC",747-749 S 14TH,SOUTH,21-1720,7R2-b 092122
1860-5,"Community Development Group, LLC",88 9TH AVE,WEST,20-1294,7R2-b 100621
4075-11,"East-West Home Rehab, LLC",182-184 BROOKDALE AVE,West,20-0183,7R2-b 100720
322-36,Adams Construction and D.C. LLC,461 S 18TH ST,West,17-1705,7R2-b 101118
3083-20,"Inner City Development Group, LLC",150-152 FABYAN PL,South,19-1373,7R2-b 102120
2614-5,"Ascension Capital Partners I, LLC",521 SPRINGFIELD AVE,SOUTH,18-0322,7R2-B 102418
3743-13,Jerrell Smith,17 EMERSON PL,South,17-1285,7R2-B 111317
281-3,"Metamorphosis Development Enterprise, LLC",394 S 9TH ST,Central,18-0712,7R2-b 120518
281-36,"Metamorphosis Development Enterprise, LLC",365 S 8TH ST,Central,180712,7R2-b 120518
1790.01-11,Auc 11/2/17 - 322-324 Grove St.,322-324 GROVE ST,West,17-1940,7R2-B 120617
3041-39,"Saint Holdings of New Jersey, LLC",33-35 RANDOLPH PL,SOUTH,21-1746,7R2-b 120722
290-17,"Carlos Lopes Investments, LLC",397 S 8TH ST,Central,20-1261,7R2-b 121521
283-14,"Carlos Lopes Investments, LLC",409 S 10TH ST,Central,"	20-1261",7R2-b 121521
2620-25,"Cornerstone Capital Investments Newark, LLC",22 PIERCE ST,SOUTH,22-1298,7R2-b 122122
1827-20,James Sherrills,117 S 9TH ST,West,17-0034,7R2-b(s) 022217
2635-9,"Shanley Ave Group, LLC",735 S 15TH ST,South,17-0065,7R2-b(s) 030717
4223-8,"DS Real Estate Investors, LLC",124 N MUNN AVE,WEST,18-0793,7R2-b(s) 061819
2518-1,Aim Steel - Springfield Ave.,285 SPRINGFIELD AVE,CENTRAL,16-1127,7R2-b(s) 112916
318-8,432-446 South Orange Ave LLC,432-434 SOUTH ORANGE AVE,WEST,17-1839,7R2-B(S/AS) 112117
2518-7,269,269-273 SPRINGFIELD AVE,CENTRAL,20-0099,7R2-b(s/as)012820
2853-29,Gomes and Gomes Development ,266 ORANGE ST,Central,17-1895,7R2-c
316-30,"Essex Car Wash and Auto Repairs, Inc",650-652 S 13TH,SOUTH,21-1747 ,7R2-c (s)
1799-14,"Dc Essex Investments, LLC",165 S 7TH ST,West,20-1185,7R2-c (s) 051121
1793-47,Ashley Taylor,316 S 19TH ST,WEST,21-0943,7R2-c (s) 052422
1878-27,"131-133 Highland Avenue, LLC ",37 3RD ST,Central,20-1659,7R2-c (s) 052521
308-29,Luvander Hollaway ,12 BELGIUM ST,Central,19-0586,7R2-c (s) 061819
1886-29,Fresh Tone Homes LLC,102-104 4TH ST,West,18-0947,7R2-c (s) 070219
1929-3,Roxanna Castro-Ortiz,278 N 7TH ST,Central,20-0264,7R2-c (s) 081120
328-19,,467-469 S 15TH,West,21-0021,7R2-C (S) 081721
1791-25,"503 South Orange Avenue, LLC",505 SOUTH ORANGE AVE,West,20-0620,7R2-c (s) 092220
336-31,"IMTAD, LLC",305 16TH AVE,WEST,22-0916,7R2-c (s) 112222
262-19,"Blackmon Homes, LLC",192 FAIRMOUNT AVE,West,21-0889,7R2-c (s) 122121
2692-19,"Teicher Group, LLC",133-135 RIDGEWOOD AVE,SOUTH,20-0597,7R2-c 020321
1904-17,"Warwick 1300, LLC",51 GRAY ST,WEST,21-0910,7R2-c 031622
3782-109,3J's Dvelopment Group LLC,646-696 FRELINGHUYSEN R,SOUTH,17-1602,7R2-c 040418
2612-44,"Rose Cap Holdings, LLC",287- ROSE ST,CENTRAL,22-1321,7R2-c 040523
2662-27,PM Consulting Group,183 JELLIFF AVE,SOUTH,16-1917,7R2-c 041917
2680-38,"144 Badger Ave, LLC",34 MADISON AVE,SOUTH,20-0859,7R2-c 050422
1793-1,"S.G. Global Enterprise, LLC",291 S 18TH ST,West,19-1356,7R2-c 050620
3703-16,"DLAM Community Development, LLC",158-164 CHANCELLOR AVE,South,19-1325,7R2-c 052020
4061-111,"Columbia Ave Transitions, LLC ",69 SUNSET AVE,West,19-1550,7R2-c 061020
2707-46,"AC Eagle Development, LLC",740 BERGEN ST,South,20-1186,7R2-c 070821
328-40,Rising Plains,470 S 16TH ST,West,17-1708,7R2-C 071118
328-27,Rising Plains ,582 15TH AVE,West,17-1708 ,7R2-C 071118
3001-19,"Build Newark, LLP",87 SEYMOUR AVE,SOUTH,17-0486,7R2-c 071217
2693-61,"Three Properties, LLC",92 W ALPINE ST,SOUTH,22-1000,7R2-c 071923
3604-61,"Custer Ave Lot 186, LLC",186 CUSTER AVE,South,20-0179,7R2-c 072220
266-32,"Celaya Capital, LLC",394 S 11TH ST,WEST,21-1881,7R2c 080322
302-21,Allied Community Investments Group LLC,415 S 7TH ST,Central,20-0910,7R2-c 080421
3661-13,Alicia Gift ,118 LEHIGH AVE,SOUTH,19-0681,7R2-c 080719
3597-18,Algorithm Real Estate Holdings Limited Liability Company,268 SEYMOUR AVE,SOUTH,19-0722,7R2-c 082019
277-36,"Willie Hawkins, LLC",286 LITTLETON AVE,Central,21-1107,7R2-c 090121
3029-15,"Green Stories II, LLC.",26 TILLINGHAST ST,South,17-1120,7R2-c 090717
3697-1,"Black Congress Enterprises, LLC",53 PARK VIEW TERR,SOUTH,22-0422,7R2-c 090822
291-7,"St. Dean Enterprises, LLC",447 15TH AVE,CENTRAL,21-0405,7R2-c 091521
1789.01-6,"Littleton Partners, LLC",365 S 20TH ST,WEST,22-0186,7R2-c 092122
2618-16,"Springview Development Group, LLC",651 S 11TH ST,SOUTH,22-0875,7R2-c 100522
1813-46,"LEF Developments, LLC",214 S 10TH ST,West,20-0987,7R2-c 100720
2665-57,"Samau Realty, LLC.",110 AVON AVE,South,17-0714,7R2-c 101118
900-12,PBJ Realty Company LLC,76 PARKHURST ST,East,17-1333,7R2-C 111317
959-45,"Nichols Street Apartments, LLC",103 NICHOLS ST,EAST,21-0935,7R2-c 111521
113-6,"Ascension Capital Partners I, LLC",640-642 ML KING BLVD,CENTRAL,18-0879,7R2-c 120518
827.01-11,2052 McCarter Industrial Urban Renewal,2052-2090 MCCARTER HWY,North,17-1530,7R2-C(S) 110817
1841-16,"The Mid Atlantic Investment Alliance, LLC",349 WEST MARKET ST,Central,19-1580,7R2-d (s) 011420
1929-90,The National Islamic Association Inc.,260-264 N 7TH ST,CENTRAL,22-0275,7R2-d (s) 041222
3066-28,Oliver R. Mayson,114-116 LESLIE ST,South,20-1253,7R2-d (s) 051121
1937-60,Maureen Poncelet-Delsole Real Estate Corporation  ,179 N 9TH ST,WEST,21-1093,7R2-d (s) 052422
2624-59,Peak Hour Transportation,716 S 10TH ST,South,19-0549,7R2-d (s) 070219
3614-4,"J Duncan & Son, LLC",360-364 HAWTHORNE AVE,SOUTH,21-0486,7R2-d (s) 081921
3028-13,E. Gill Development LLC,131 HEDDEN TERR,South,19-0749,7R2-d (s) 082019
164-92,Libby Heller,17-19 EDISON PL,EAST,22-1288,7R2-d (s/as) 102522
3031-18,"Algorithm Real Estate Holdings, LLC",99 OSBORNE TERR,South,20-0777,7R2-d 010621
1164-10,"Thomas Street Urban Renewal, LLC",184 THOMAS ST,East,20-1590,7R2-d 012121
773-13,Lilac Development,80 MONTCLAIR AVE,North,17-1645,7R2D 012418
291-40,"Simel'Homme Property Investing, LLC",408 S 8TH ST,Central,20-0857,7R2-d 020321
329-30,"Rising Plains, LLC",474 S 15TH ST,WEST,22-1724,7R2-d 041923
825-30,"SPG 2013 McCarter Hwy Urban Renewal, LLC",2035-2045 MCCARTER HWY R,,21-1754,7R2-d 05/18/2022
3076-8,"Concrete Property, LLC",58 FABYAN PL,SOUTH,22-1296,7R2-d 050323
1794-57,"Miko Property Investments, LLC",296 S 20TH ST,WEST,20-1240,7R2-d 050422
3612-40,Eric Donald and Rose Rawls,161-163 OSBORNE TER,South,19-1410,7R2-d 050620
278-5,Abdul Roberson,263 LITTLETON AVE,CENTRAL,22-1641,7R2-d 052423
776.05-3.04,,,,22-1586,7R2-d 060723
3598-3,"Enterprise Builders, LLC",269 SEYMOUR AVE,SOUTH,19-1833,7R2-d 061020
4065-14,Natalie Antoine,22 NORWOOD ST,West,21-0547,7R2-d 070821
332-18,Alpha Development,515 S 14TH ST,West,17-1709,7R2-D 071118
2711-1,"Dunbar Center, Inc.",775-793 BERGEN ST,South,17-1152,7R2-d 071217
4108-73,Michael C. Heard,27 MEAD ST,WEST,21-1469,7R2-d 071322
3699-1,Malkia L. King,133-137 GOLDSMITH AVE,SOUTH,20-0200,7R2-d 072220
1825-56,"Burrowes Development Group, LLC",162 S 12TH ST,WEST,21-0221,7R2-d 080421     
295-27,"Empire Risk Properties, LLC",51 16TH AVE,Central,19-0748,7R2-d 080719
1901.02-1,Option Builders LLC,8-20 N 14TH ST,WEST,19-0544,7R2-d 090519
1781-54,"The Chad School Street Foundation, Inc.",304 S 9TH ST,WEST,23-0454,7R2-d 090723
2802-47,"Salerno Medical Associates, LLP",176-178 CLINTON AVE,SOUTH,22-0598,7R2-d 090822
4044-19,"Education League, LLC",175-177 WEST END AVE,West,21-0631,7R2-d 091521
333-64,Ascension Capital Partners I,528-530 S 16TH,West,17-1710,7R2-D 091918
3035-15,"SnagromEstates, LLC",321-323 W RUNYON ST,SOUTH,22-0917,7R2-d 100522
5088.03-24,"Manny & MGA, LLC.",449-457 SOUTH ST,East,17-1857,7R2-D 101118
2631-3,"Watson Realty & Development, LLC ",713 S 11TH ST,SOUTH,20-1287,7R2-d 102021
3593-1,,412 CHADWICK AVE,SOUTH,20-0049,7R2-d 102120
3035-10,"Leaders for Life, Inc",84-86 CLINTON PL,SOUTH,23-0470,7R2-d 110123
1861-57,"Lionheart Development, LLC",114 S 15TH ST,West,20-0592,7R2-d 110421
267-10,Talat Akarah,376 S 10TH ST,West,17-1436,7R2-D 111317
368-20,"The Newstead Property Group, LLC",741-747 S 20TH,SOUTH,20-0598,7R2-d 111820
2656-15,CAPC,17-19 SEYMOUR AVE,SOUTH,16-1230,7R2-d 120716
1826-20,"Jarid Jamar Construction Company, Inc",147 S 10TH ST,WEST,22-1494,7R2-d 122122
2625-1,CAPC LIHTC Scattered Sites,20 TREACY AVE,South,17-0532,7R2-d(as) 050107
5090-2,133 Haynes Avenue Urban Renewal,133-135 HAYNES AVE,South,17-1617,7R2-D(S) 110817
44-40,"Newark Burnet, LLC",46 BURNET ST,CENTRAL,16-1394,7R2-d(s) 112916
3017-12,"3MB Properties, LLC",923 S 18TH ST,SOUTH,22-0685,7R2-d092122
2483-40,Community Asset Prevention Corporation,43 CORTLAND ST,EAST,21-1260,7R2-e (s) 052422
686-1,"276 Delavan Holdings, LLC",276-280 DELAVAN AVE  E,NORTH,22-0573,7R2-e (s) 062122
361-45,South 14 Properties LLC,662- S 14TH ST,South,19-0552,7R2-e (s) 070219
334-23,"The JAYTWAR Group, LLC",513 S 16TH ST,West,21-0513,7R2-e (s) 081921
3054-28,"Saj Development, LLC",97 WILLOUGHBY ST,South,19-0750,7R2-e (s) 082019
2609-1.12,"Ridgeview Properties, LLC",369-379 18TH AVE,Central,20-0860,7R2-e 010621
3015.01-3,Jamar Piercy,899 S 20TH ST,South,20-0178,7R2-e 012022
3063-23,Charlottfields International Food Distributors Corporation ,201 HOBSON ST,South,20-0894,7R2-e 020321
1914-12,"225 Fourth Street, LLC",219-221 4TH ST,CENTRAL,22-1800,7R2-e 041923
1789-55,"Beacon Development Partners, LLC ",376 GROVE ST,WEST,20-1357,7R2-e 050422
1813-57,"MCI Construction Services, LLC",192 S 10TH ST,West,19-1411,7R2-e 050620
2850-44,CODEIT Development,24 HUDSON ST,Central,21-0722,7R2-e 070821
333-53,Gateway Property Development,508 S 16TH ST,WEST,17-1711,7R2-E 071118
1917-10,"North Six, LLC",228 N 6TH ST,CENTRAL,23-0398,7R2-e 071923
2634-32,Janet Ojeabulu,758 S 15TH ST,South,20-0207,7R2-e 072220
2687-51,"RBJ Development, LLC",502-504 CLINTON AVE,SOUTH,21-0575,7R2-e 080421
891-19,"A.T.S Development Group, LLC ",27 CHESTNUT ST,Central,21-0652,7R2-e 091521
3554-12,278 Johnson Ave,278 JOHNSON AVE,SOUTH,22-0983,7R2-e 100522
4115-35,,51-53 SALEM ST,West,20-1671,7R2-e 100621
3044-75,Eric Donald Construction & Demolition,15-17 HOMESTEAD PARK,South,20-0061,7R2-e 102120
3078-25,"L.A Baxter Holdings, LLC",18 FABYAN PL,SOUTH,20-0858,7R2-e 110421
763-15,"Taino's Kitchen, LLC",710 SUMMER AVE,North,21-1010,7R2-e 111521
2800-15,"CDN Development, LLC",115 SHERMAN AVE,South,21-0299,7R2-e 120121/7R2-d 121521
3664-9,,116-118 SHEPHARD AVE,South,20-1179,7R2-e 121521
3041-39,Auc 1/24/19 - 33-35 Randolph Pl.,33-35 RANDOLPH PL,SOUTH,19-0266,7R2-e(AS) 022219
674-3,123-131 Riverside Urban Renewal,85 RIVERSIDE AVE,NORTH,17-1665,7R2-E(S) 110817
2776-9,"S.A.T. Urban Renewal Entity, LLC",142 ELIZABETH AVE,South,20-0595,7R2-f  072220
1848-23,"Christ Life Community Development, Inc",29 4TH ST,WEST,21-1369,7R2-f (s)  052422
4060-14,Alan Lawrence,20 SUNSET AVE,West,19-0671,7R2-f (s) 070219
2712-29,"Lilac Development Group, LLC",800 BERGEN ST,South,19-0763,7R2-f (s) 082019
3593-4,"Jay & R Associates, LLC",406 CHADWICK AVE,South,20-0177,7R2-f (s/as) 051121
1914-2,"T3 Management, LLC",329 7TH AVE W,CENTRAL,21-0449,7R2-f 012022
254-38,Alpha Alpha Lambda Community Development Inc.,294-296 HUNTERDON ST,Central,21-0042,7R2-f 020321
2647-15,Simone Neal,795 S 14TH ST,SOUTH,22-1826,7R2-f 041923
3013-43,"Quad T Holdings, LLC",921 S 17TH ST,South,19-1551,7R2-f 050620
334-32,Hamlett Management,601 15TH AVE,West,17-1712,7R2-F 071118
4115-43,"Benfica Development, LLC",35 SALEM ST,WEST,21-1588,7R2-f 080322
1915-73,Arabelly Garrido,243 5TH ST,Central,19-0855,7R2-f 080719
339-11,"Andre R. Consultants, LLC",573 S 19TH ST,WEST,21-1215,7R2-f 090822
4003-6.04,"Soul Town Property Investment Group, LLC",59-63 WHITNEY ST,West,21-0746,7R2-f 091521
3044-8,,37 HOMESTEAD PARK,SOUTH,21-0375,7R2-f 100621
1797-51.03,"Calloway Ventures, LLC",260 S 10TH ST,WEST,21-0242,7R2-f 102021
1852-24,"Tritop Realty, LLC",451-459 WEST MARKET ST,WEST,20-0181,7R2-f 102120
1829-35,"Ko-Hill Development, LLC",112-114 S 8TH ST,West,20-0908,7R2-f 110421
2656-15,"Barrco Enterprises, LLC",17-19 SEYMOUR AVE,SOUTH,20-0383,7R2-f 121521
3043-89,"Evans-Gordon Funeral Home, LLC",730-732 CLINTON AVE,South,19-1292,7R2-g (s) 031020
599-18,"TAG Developers, LLC",608 1/2--610 4TH ST,NORTH,21-1664,7R2-g (s) 052422
2672-34,Commercial Funding Group LLC,88-90 MILFORD AVE,South,19-0698,7R2-g (s) 070219
3032-42,"Prime RRAM Homes, LLC",76 VAN NESS PL,South,21-0716,7R2-g (s) 081921
3017-12,"Washington Bay Group 1, LLC",923 S 18TH ST,SOUTH,19-0788,7R2-g (s) 082019
4041-73,"IHomez, LLC",145 VERMONT AVE,WEST,21-1091,7R2-g 012022
3603-58,"Black Congress Enterprises, LLC",193-195 CUSTER AVE,South,19-1553,7R2-g 050620
326-47,DDA Pioneer,496- S 18TH ST,West,17-1713,7R2-G 071118
4131-5,"Family Manor, LLC",757-763 SANDFORD AVE,WEST,22-0713,7R2-g 080322
246-5,"Faro Development, LLC",64 14TH AVE,Central,19-0906,7R2-g 080719
1829-10,Saber Real Estate Development,37 S 7TH ST,WEST,18-1048,7R2-g 090618
4061-150,,39 SUNSET AVE,West,21-0761,7R2-g 091521
353-25,Adams Construction and D.C LLC,635 S 20TH ST,WEST,21-1193,7R2-g 092122
2644-18,"Road To Prosperity, LLC",823-825 S 17TH,South,21-0524,7R2-g 100621
368-40,,715-717 S 20TH,South,20-1411,7R2-g 110421
5016-6,Morris Doremus,191-269 DOREMUS AVE REAR,East,16-1823,7R2-g 121316
1866-43,"T-Clan Development, LLC",84-86 S 14TH ST,WEST,20-1408,7R2-g 121521
526-10,Domus Corporation,102-108 3RD AVE E.,Central,18-1235,7R2-g(s) 091118
351-59,Moustafa Abdalla,613 S 18TH ST,West,19-0705,7R2-h (s) 070219
336-49,"512-520 South 19th Street Associates, LLC",522 S 19TH ST,WEST,21-0742,7R2-h (s) 081921
2862-20,"Gomes and Gomes Development, LLC",253-257 ORANGE ST,Central,19-0791,7R2-h (s) 082019
3009-11,"Rashid Properties, LLC",882 S 14TH ST,SOUTH,21-1268,7R2-h 012022
4059-52,"Shameer Properties, LLC",146-150 SUNSET AVE,West,19-1554,7R2-h 050620
290-49,,422 S 9TH ST,Central,19-0706,7R2-h 080719
1846-16,Central Ave Residence LLC,46 1ST ST,CENTRAL,22-0081,7R2-h 090822
2685-6,"Davidson Abraham & Associates, LLC and Mt. Hope Housing Company, Inc.",601 HUNTERDON ST,SOUTH,22-0551,7R2-h 092122
2672-58,"Sashi Homes, LLC",46 MILFORD AVE,South,21-0632,7R2-h 100621
2707-30,"PGH & Associates, LLC",768-772 BERGEN ST,South,20-0909,7R2-h 102120
2618-37,"Satary Real Estate Investments, LLC",701 S 11TH ST,SOUTH,21-0760,7R2-h 121521
308-13,United Community Corporation ,511 S 10TH ST,Central,19-0683,7R2-I (s/as) 072319
986-50,Manuel Caetano,291 NEW YORK AVE,EAST,22-1882,7R2-i 040523
2635-34,"Street Doctor's Cleaning Services and Remediation, LLC",776 S 16TH ST,South,19-1921,7R2-I 050620
507-54,"131-133 Highland Avenue, LLC",35-37 HIGHLAND AVE,North,19-1711,7R2-i 050620
1878-27,"131-133 Highland Avenue, LLC",37 3RD ST,Central,19-1744,7R2-i 050620
335-36,SLM & Son,544 S 18TH ST,West,17-1551,7R2-I 071118
330-33,"Jarid Jamar Construction Company, Inc",476 S 14TH ST,West,19-0789,7R2-I 080719
570-38,Roman E&G Corp,44-58 OGDEN ST,NORTH,22-0634,7R2-i 092122
1854-43,"RSL Enterprises, LLC",18-22 S 8TH ST,WEST,22-0726,7R2-I 092122
2640-40,"Affine Group, LLC",717-719 SPRINGFIELD AVE,SOUTH,21-0718,7R2-i 100621
1854-24,A. Aleem Construction,501-503 CENTRAL AVE,West,20-0278,7R2-I 110520
35-29,The Newark Museum Association,65 CENTRAL AVE,CENTRAL,21-1487,7R2-i 121521
1164-10,,184 THOMAS ST,East,19-0785,7R2-j (as) 081920
2703-4,"Das 1 Holding, LLC",161 RIDGEWOOD AVE,South,19-1806,7R2-j 050620
2692-19,"TAW NJ, LLC ",133-135 RIDGEWOOD AVE,SOUTH,22-0367,7R2-j 090822
3016-25,"International Federal Chaplains, Inc",861-869 CLINTON AVE,SOUTH,22-0714,7R2-j 092122
2636-2,Eon A. Adams,750 S 17TH ST,South,19-0682,7R2-K (s/as) 072319
2651-32,Lolita Gooden,802-804 S 11TH ST,South,19-1826,7R2-K 050620
2687-44,Vanes T. Amarante ,156 CHADWICK AVE,SOUTH,22-0722,7R2-K 092122
5001-16,38-60 Blanchard,38-60 BLANCHARD ST REAR,EAST,16-1688,7R2-k(s) 112916
359-33,AP LLC,686 S 16TH ST,South,17-0443,7R2-l 041917
3018-31,"Clinton Commons MOH, LLC",938-940 S 20TH,South,19-0704,7R2-m (s/as) 072319 
3067-15.03,Quia T. Zellars,123-125 LESLIE ST,SOUTH,19-2013,7R2-m 050620
340-7,"Beacon Development Partners, LLC",296-298 16TH AVE,WEST,22-0754,7R2-m 090822
1966-14,Stadium Rose Apartments LLC,484-488 ROSEVILLE AVE,North,20-0059,7R2-n 050620
3019-74,"New Life Construction and Property Mgmt, LLC",145 CHADWICK AVE,SOUTH,22-0773,7R2-n 090822
239-1,"Aasia and Madison Foundation, Inc",37-41 JONES ST,Central,20-0103,7R2-O 050620
1840-16,North Jersey Community Research Initiative,22 1ST ST,CENTRAL,22-0923,7R2-o 090822
351-21,"Apolo's Flip and Sell, LLC",645 S 18TH ST,WEST,22-0543,7R2-p 041923
2615-23,"Newark Interfaith, LLC",40-50 KENT ST,SOUTH,20-0112,7R2-p 050620
775-2,"731 Summer Avenue, LLC",731 SUMMER AVE,North,20-0495,7R2-S (as) 050620
328-27,"582 South 15 Avenue MB, LLC",582 15TH AVE,West,15-2275,7R3-a(as) 121615
3024-64,Seymour Ave. - YouthBuild,171 SEYMOUR AVE,South,13-1767,7R3-a(s) 031114
334-16,Hamlett Management,527 S 16TH ST,West,16-0504,7R3-a(s) 071916
1813-16,"Community Development Group, LLC",169 S 9TH ST,West,16-1243,7R3-a(s) 091316
2608-28,Ganesh Ji Springfield,451 SPRINGFIELD AVE,Central,16-1081,7R3-c 080316
1275-6,Ray's Enterprises,86 AVENUE C,East,16-0055,7R3-c(s) 032216
2520-62,Springfield Renaissance - City National,247-251 SPRINGFIELD AVE,Central,16-1132,7R3-c(s) 082316
322-11,413 S 18th St.,413 S 18TH ST,West,16-0389,7R3-d 042016
1811-6,L. Velez General Contractors,60 11TH AVE,West,16-1123,7R3-d 080316
318-11,Gateway Property Development,411 S 14TH ST,West,16-1124,7R3-e 080316
2680-16,401 Clinton Avenue LLC,399 CLINTON AVE,South,15-2043,7R3-f 020316
2689-16,Abdul M. Swaray,219 PESHINE AVE,South,16-1139,7R3-f 080316
